company_name,company_url
株式会社ナプラ,http://www.napla.co.jp/
株式会社イノベイションオブメディカルサービス,http://www.ims-inc.co.jp/
日本生命保険相互会社,http://www.nissay.co.jp/kaisha/saiyo/chuto/service/index.html
株式会社エイジェック,https://www.agekke.co.jp/
トランスコスモス株式会社,http://www.trans-cosmos.co.jp/
遠州鉄道株式会社　保険営業部,https://www.entetsu.net/recruit/
大東建託株式会社,https://bldn9kyrd.jbplt.jp/
アデコ株式会社,https://www.adeccogroup.jp/lp/oss/
住友不動産株式会社,http://www.sumitomo-rd.co.jp/jobs/career/
住友不動産販売株式会社,https://www.my9.jp/v2/stepon/index.cfm
株式会社ブッシュクロフィード,https://bc-design-office.jp/
セコム株式会社,http://www.secom.co.jp
AIG損害保険株式会社,https://www.aig.co.jp/sonpo
株式会社ニッソウ,https://reform-nisso.co.jp/company/recruit/
東建コーポレーション株式会社,http://www.token.co.jp/about_token/recruit/chuto/
株式会社長谷工リフォーム,https://www.haseko.co.jp/hrf/
日本環境マネジメント株式会社,http://www.n-e-m.co.jp
大東建託株式会社,https://bldn9kyrd.jbplt.jp/
大東建託株式会社,https://bldn9kyrd.jbplt.jp/
株式会社ブレインマークス,https://www.brain-marks.com/
株式会社３ＷＥＬＬ,https://3well.co.jp/new/
株式会社トライトキャリア,https://tryt-group.co.jp/
フロンティア株式会社,https://frontier-gr.jp/
住友不動産株式会社,http://www.sumitomo-rd.co.jp/jobs/career/
住友不動産株式会社,http://www.sumitomo-rd.co.jp/jobs/career/
ファイズ株式会社,http://www.555-hd.co.jp
セントラル・アイ株式会社,http://www.central-eye.co.jp
株式会社UKCorporation,https://uk-corp.co.jp/
東建コーポレーション株式会社,http://www.token.co.jp/about_token/recruit/chuto/
住友不動産株式会社,http://www.sumitomo-rd.co.jp/jobs/career/
株式会社Fun Guys,https://funguys.co.jp/recruit/
株式会社新日本エネックス,https://nj-enex.co.jp/
AIG損害保険株式会社,https://www.aig.co.jp/sonpo
株式会社ジャスティス　浜松町支店,https://www.justice-realestate.com/
シミック・アッシュフィールド株式会社,http://www.cmic-ashfield.com
株式会社アイオス,http://www.aiosu.com/
シミック・アッシュフィールド株式会社,http://www.cmic-ashfield.com
株式会社リアークスファインド,https://www.rearx-find.co.jp/
株式会社ＰＧＳホーム,https://www.pgs-home.jp/
株式会社エンパワー,http://www.en-power.jp/
大東建託株式会社,https://bldn9kyrd.jbplt.jp/
東建コーポレーション株式会社,http://www.token.co.jp/about_token/recruit/chuto/
住友不動産株式会社,http://www.sumitomo-rd.co.jp/jobs/career/
サングローブ株式会社,https://www.sungrove.co.jp/
大和冷機工業株式会社,http://www.drk.co.jp/index.html
株式会社ミルボン,http://www.milbon.co.jp/
大東建託株式会社,https://bldn9kyrd.jbplt.jp/
住友不動産株式会社,http://www.sumitomo-rd.co.jp/jobs/career/
住友不動産株式会社,http://www.sumitomo-rd.co.jp/jobs/career/
東建コーポレーション株式会社,http://www.token.co.jp/about_token/recruit/chuto/
株式会社アサンテ,http://www.asante.co.jp/employment/career/
東建コーポレーション株式会社,http://www.token.co.jp/about_token/recruit/chuto/
日本エコエネシステム株式会社,http://eco-ene.co.jp/
大東建託株式会社,https://bldn9kyrd.jbplt.jp/
ラクサスマネジメント株式会社,https://www.raxus-management.co.jp/index.php
東建コーポレーション株式会社,http://www.token.co.jp/about_token/recruit/chuto/
日綜産業株式会社,https://www.nisso-sangyo.co.jp/
株式会社G-RISE,https://g-rise.biz/
株式会社Robot Home,https://corp.robothome.jp/
大東建託株式会社,https://bldn9kyrd.jbplt.jp/
株式会社長谷工リアルエステート,https://www.haseko.co.jp/hre/
東建コーポレーション株式会社,http://www.token.co.jp/about_token/recruit/chuto/
株式会社エンパワー,http://www.en-power.jp/
布亀株式会社,http://www.nunokame.co.jp/
株式会社ビッグモーター,http://www.bigmotor.co.jp
株式会社エフティコミュニケーションズ,http://www.ftcom.co.jp/
株式会社ジェイシーエス,http://www.japan-cs.info
株式会社プレアデス,https://www.pleiades-net.co.jp/
株式会社神名テックス,http://www.kana-inc.com/
株式会社ＦＩＥＬＤ,
大東建託株式会社,https://bldn9kyrd.jbplt.jp/
大東建託株式会社,https://bldn9kyrd.jbplt.jp/
日本生命保険相互会社,http://www.nissay.co.jp/kaisha/saiyo/chuto/service/index.html
大東建託株式会社,https://bldn9kyrd.jbplt.jp/
サイネオス・ヘルス・コマーシャル株式会社,https://japan.commercialcareers.syneoshealth.com/
株式会社エンパワー,http://www.en-power.jp/
株式会社TERASS,https://about.terass.com/
大東建託株式会社,https://bldn9kyrd.jbplt.jp/
三菱UFJニコス株式会社,https://www.cr.mufg.jp/
AIG損害保険株式会社,https://www.aig.co.jp/sonpo
大東建託株式会社,https://bldn9kyrd.jbplt.jp/
住友不動産株式会社,http://www.sumitomo-rd.co.jp/jobs/career/
株式会社ジール不動産,http://www.zeal-f.com/
パナソニック ハウジングソリューションズ株式会社,https://panasonic.co.jp/phs/
株式会社グッドワークコミュニケーションズ,http://www.goodworkcoms.co.jp/
日本交通株式会社　ハイヤー事業部,https://www.nihon-kotsu-recruit.jp/hire/
東建コーポレーション株式会社,http://www.token.co.jp/about_token/recruit/chuto/
株式会社PALTAC,http://www.paltac.co.jp/
株式会社住建ハウジング,http://www.juken-net.com/
大東建託株式会社,https://bldn9kyrd.jbplt.jp/
株式会社一条工務店,http://saiyo.ichijo.co.jp/c/index.html
大東建託株式会社,https://bldn9kyrd.jbplt.jp/
プリペット株式会社,http://www.pripet.jp/company/index.html
京成バス株式会社,https://www.keiseibus.co.jp/recruit/
株式会社365プラス,https://365pluss.co.jp/
株式会社ベルパーク,https://bellpark-recruit.jp/
株式会社 日本ケイテム,https://www.keitem.co.jp/
株式会社東急コミュニティー,https://www.tokyu-com.co.jp
株式会社アサンテ,http://www.asante.co.jp/employment/career/
東建コーポレーション株式会社,http://www.token.co.jp/about_token/recruit/chuto/
タマホーム株式会社,https://www.tamahome.jp/
大東建託株式会社,https://bldn9kyrd.jbplt.jp/
住友不動産株式会社,http://www.sumitomo-rd.co.jp/jobs/career/
株式会社ビッグモーター,http://www.bigmotor.co.jp
大東建託株式会社,https://bldn9kyrd.jbplt.jp/
株式会社いーふらん,https://e-fran.jp/recruit/
大東建託株式会社,https://bldn9kyrd.jbplt.jp/
株式会社テラスカイ・テクノロジーズ,https://www.terrasky-tech.co.jp/recruit
株式会社トライグループ,https://www.trygroup.co.jp/company/recruit/html/index.html
五右衛門株式会社,https://goemon-holdings.jp/
住友不動産株式会社,http://www.sumitomo-rd.co.jp/jobs/career/
東建コーポレーション株式会社,http://www.token.co.jp/about_token/recruit/chuto/
大東建託株式会社,https://bldn9kyrd.jbplt.jp/
住友不動産株式会社,http://www.sumitomo-rd.co.jp/jobs/career/
株式会社アスパーク,https://www.aspark.co.jp/
東建コーポレーション株式会社,http://www.token.co.jp/about_token/recruit/chuto/
株式会社ＰＧＳホーム,https://www.pgs-home.jp/
東建コーポレーション株式会社,http://www.token.co.jp/about_token/recruit/chuto/
東建コーポレーション株式会社,http://www.token.co.jp/about_token/recruit/chuto/
ＳＯＭＰＯひまわり生命保険株式会社,https://www.himawari-life.co.jp/
株式会社IDOM,http://www.glv.co.jp
住友不動産株式会社,http://www.sumitomo-rd.co.jp/jobs/career/
大東建託株式会社,https://bldn9kyrd.jbplt.jp/
三井ホーム株式会社,http://www.mitsuihome.co.jp/
大東建託株式会社,https://bldn9kyrd.jbplt.jp/
ビー・エム・ダブリュー東京株式会社,https://bmw-tokyo.bmw.jp/
株式会社アサンテ,http://www.asante.co.jp/employment/career/
AIG損害保険株式会社,https://www.aig.co.jp/sonpo
大東建託株式会社,https://bldn9kyrd.jbplt.jp/
住友不動産株式会社,http://www.sumitomo-rd.co.jp/jobs/career/
東建コーポレーション株式会社,http://www.token.co.jp/about_token/recruit/chuto/
株式会社ボルテックス,https://www.vortex-net.com/
三菱電機株式会社,https://www.mitsubishielectric.co.jp/saiyo/graduates/index.html
大東建託株式会社,https://bldn9kyrd.jbplt.jp/
株式会社ハウスコミュニケーション,https://housecommunication.co.jp/
株式会社いーふらん,https://e-fran.jp/recruit/
東建コーポレーション株式会社,http://www.token.co.jp/about_token/recruit/chuto/
大東建託株式会社,https://bldn9kyrd.jbplt.jp/
いちよし証券株式会社,https://www.ichiyoshi.co.jp/
株式会社パソナ,https://www.pasona.co.jp
株式会社エービーシーホーム,https://abc-home.co.jp/
株式会社IDOM,http://www.glv.co.jp
株式会社RERISE　,https://rerise.co/
日本生命保険相互会社,http://www.nissay.co.jp/kaisha/saiyo/chuto/service/index.html
大東建託株式会社,https://bldn9kyrd.jbplt.jp/
株式会社トライグループ,https://www.trygroup.co.jp/company/recruit/html/index.html
大東建託株式会社,https://bldn9kyrd.jbplt.jp/
株式会社ビッグモーター,http://www.bigmotor.co.jp
大東建託株式会社,https://bldn9kyrd.jbplt.jp/
株式会社TFDエステート,http://www.tfd-est.co.jp/
